Rank,Name,Park,Location,Supplier,Year Built,Points,Year of Rank,City,State,Country,Zip_Code
1,Millennium Force,Cedar Point,"Sandusky, Ohio",Intamin,2000,1204,2013,Sandusky,Ohio,United States,44870
2,Bizarro,Six Flags New England,"Agawam, Mass.",Intamin,2000,1011,2013,Agawam,Massachusetts,United States,01001
3,Expedition GeForce,Holiday Park,"Hassloch, Germany",Intamin,2001,598,2013,Hassloch,Rhineland-Palatinate,Germany,67454
4,Nitro,Six Flags Great Adventure,"Jackson, N.J.",B&M,2001,596,2013,Jackson,New Jersey,United States,08527
5,Apollo’s Chariot,Busch Gardens Williamsburg,"Williamsburg, Va.",B&M,1999,542,2013,Williamsburg,Virginia,United States,23185
6,New Texas Giant,Six Flags Over Texas,"Arlington, Texas",Rocky Mountain,2011,512,2013,Arlington,Texas,United States,76011
7,Goliath,Six Flags Over Georgia,"Austell, Ga.",B&M,2006,494,2013,Austell,Georgia,United States,30168
8,Intimidator,Carowinds,"Charlotte, N.C.",B&M,2010,478,2013,Charlotte,North Carolina,United States,28273
9,Magnum XL-200,Cedar Point,"Sandusky, Ohio",Arrow,1989,416,2013,Sandusky,Ohio,United States,44870
10,Intimidator-305,Kings Dominion,"Doswell, Va.",Intamin,2010,412,2013,Doswell,Virginia,United States,23047
1,Millennium Force,Cedar Point,"Sandusky, Ohio",Intamin,2000,1139,2014,Sandusky,Ohio,United States,44870
2,Bizarro,Six Flags New England,"Agawam, Mass.",Intamin,2000,1049,2014,Agawam,Massachusetts,United States,01001
3,Expedition GeForce,Holiday Park,"Hassloch, Germany",Intamin,2001,764,2014,Hassloch,Rhineland-Palatinate,Germany,67454
4,Diamondback,Kings Island,"Mason, Ohio",B&M,2009,579,2014,Mason,Ohio,United States,45040
5,Nitro,Six Flags Great Adventure,"Jackson, N.J.",B&M,2001,563,2014,Jackson,New Jersey,United States,08527
6,Leviathan,Canada’s Wonderland,"Vaughan, Ont., Canada",B&M,2012,500,2014,Vaughan,Ontario,Canada,L6A 1S6
7,Apollo’s Chariot,Busch Gardens Williamsburg,"Williamsburg, Va.",B&M,1999,484,2014,Williamsburg,Virginia,United States,23185
8,New Texas Giant,Six Flags Over Texas,"Arlington, Texas",Rocky Mountain,2011,465,2014,Arlington,Texas,United States,76011
9,Goliath,Six Flags Over Georgia,"Austell, Ga.",B&M,2006,422,2014,Austell,Georgia,United States,30168
10,Intimidator,Carowinds,"Charlotte, N.C.",B&M,2010,387,2014,Charlotte,North Carolina,United States,28273
1,Millennium Force,Cedar Point,"Sandusky, Ohio",Intamin,2000,1205,2015,Sandusky,Ohio,United States,44870
2,Bizarro,Six Flags New England,"Agawam, Mass.",Intamin,2000,929,2015,Agawam,Massachusetts,United States,01001
3,Expedition GeForce,Holiday Park,"Hassloch, Germany",Intamin,2001,714,2015,Hassloch,Rhineland-Palatinate,Germany,67454
4,Fury 325,Carowinds,"Charlotte, N.C.",B&M,2015,671,2015,Charlotte,North Carolina,United States,28273
5,Nitro,Six Flags Great Adventure,"Jackson, N.J.",B&M,2001,650,2015,Jackson,New Jersey,United States,08527
6,Apollo’s Chariot,Busch Gardens Williamsburg,"Williamsburg, Va.",B&M,1999,597,2015,Williamsburg,Virginia,United States,23185
7,Intimidator,Carowinds,"Charlotte, N.C.",B&M,2010,499,2015,Charlotte,North Carolina,United States,28273
8,Leviathan,Canada’s Wonderland,"Vaughan, Ontario, Canada",B&M,2012,491,2015,Vaughan,Ontario,Canada,L6A 1S6
9,Nemesis,Alton Towers,"Staffordshire, England",B&M,1994,462,2015,Stoke-on-Trent,England,United Kingdom,ST10 4DB
10,New Texas Giant,Six Flags Over Texas,"Arlington, Texas",Rocky Mountain,2011,450,2015,Arlington,Texas,United States,76011
1,Fury 325,Carowinds,"Charlotte, N.C.",B&M,2015,1126,2016,Charlotte,North Carolina,United States,28273
2,Millennium Force,Cedar Point,"Sandusky, Ohio",Intamin,2000,1122,2016,Sandusky,Ohio,United States,44870
3,Superman The Ride,Six Flags New England,"Agawam, Mass.",Intamin,2000,698,2016,Agawam,Massachusetts,United States,01001
4,Expedition GeForce,Holiday Park,"Hassloch, Germany",Intamin,2001,613,2016,Hassloch,Rhineland-Palatinate,Germany,67454
5,Nitro,Six Flags Great Adventure,"Jackson, N.J.",B&M,2001,454,2016,Jackson,New Jersey,United States,08527
6,Apollo’s Chariot,Busch Gardens Williamsburg,"Williamsburg, Va.",B&M,1999,397,2016,Williamsburg,Virginia,United States,23185
7,Leviathan,Canada’s Wonderland,"Vaughan, Ontario, Canada",B&M,2012,393,2016,Vaughan,Ontario,Canada,L6A 1S6
8,Intimidator,Carowinds,"Charlotte, N.C.",B&M,2010,350,2016,Charlotte,North Carolina,United States,28273
9,Diamondback,Kings Island,"Mason, Ohio",B&M,2009,330,2016,Mason,Ohio,United States,45040
10,Phantom’s Revenge,Kennywood,"West Mifflin, Pa.",Morgan,2001,329,2016,West Mifflin,Pennsylvania,United States,15122
11,Nemesis,Alton Towers,"Staffordshire, England",B&M,1994,311,2016,Stoke-on-Trent,England,United Kingdom,ST10 4DB
12,Maverick,Cedar Point,"Sandusky, Ohio",Intamin,2007,306,2016,Sandusky,Ohio,United States,44870
13,Banshee,Kings Island,"Mason, Ohio",B&M,2014,286,2016,Mason,Ohio,United States,45040
14,Blue Fire,Europa-Park,"Rust, Germany",Mack,2006,283,2016,Rust,Baden-Württemberg,Germany,77977
15,Magnum XL-200,Cedar Point,"Sandusky, Ohio",Arrow,1989,279,2016,Sandusky,Ohio,United States,44870
16,New Texas Giant,Six Flags Over Texas,"Arlington, Texas",RMC,2011,272,2016,Arlington,Texas,United States,76011
17,Intimidator 305,Kings Dominion,"Doswell, Va.",Intamin,2010,268,2016,Doswell,Virginia,United States,23047
18,Wicked Cyclone,Six Flags New England,"Agawam, Mass.",RMC,2015,265,2016,Agawam,Massachusetts,United States,01001
19,Top Thrill Dragster,Cedar Point,"Sandusky, Ohio",Intamin,2003,258,2016,Sandusky,Ohio,United States,44870
20,Goliath,Six Flags Over Georgia,"Austell, Ga.",B&M,2006,255,2016,Austell,Georgia,United States,30168
21,Iron Rattler,Six Flags Fiesta Texas,"San Antonio, Texas",RMC,2013,254,2016,San Antonio,Texas,United States,78257
22,Montu,Busch Gardens Tampa,"Tampa, Fla.",B&M,1996,203,2016,Tampa,Florida,United States,33612
23,X2,Six Flags Magic Mountain,"Valencia, Calif.",Arrow,2002,202,2016,Valencia,California,United States,91355
24,Behemoth,Canada’s Wonderland,"Vaughan, Ontario, Canada",B&M,2008,198,2016,Vaughan,Ontario,Canada,L6A 1S6
25,Black Mamba,Phantasialand,"Brühl, Germany",B&M,2006,178,2016,Brühl,North Rhine-Westphalia,Germany,50321
26,Twisted Colossus,Six Flags Magic Mountain,"Valencia, Calif.",RMC,2015,175,2016,Valencia,California,United States,91355
27,Mind Bender,Six Flags Over Georgia,"Austell, Ga.",Schwarzkopf,1978,168,2016,Austell,Georgia,United States,30168
28,Storm Chaser,Kentucky Kingdom,"Louisville, Ky.",RMC,2016,166,2016,Louisville,Kentucky,United States,40209
29,Helix,Liseberg,"Gothenburg, Sweden",Mack,2014,165,2016,Gothenburg,Västra Götalands,Sweden,402 22
30,Alpengeist,Busch Gardens Williamsburg,"Williamsburg, Va.",B&M,1997,144,2016,Williamsburg,Virginia,United States,23185
31,Goliath,La Ronde,"Montreal, Quebec, Canada",B&M,2006,128,2016,Montreal,Quebec,Canada,H3C6A3
32,Raging Bull,Six Flags Great America,"Gurnee, Ill.",B&M,1999,122,2016,Gurnee,Illinois,United States,60031
32,Taron,Phantasialand,"Brühl, Germany",Intamin,2016,122,2016,Brühl,North Rhine-Westphalia,Germany,50321
34,Thunderbird,Holiday World,"Santa Claus, Ind.",B&M,2015,113,2016,Santa Claus,Indiana,United States,47579
35,Mako,SeaWorld Orlando,"Orlando, Fla.",B&M,2016,110,2016,Orlando,Florida,United States,32821
36,Wild Eagle,Dollywood,"Pigeon Forge, Tenn.",B&M,2012,107,2016,Pigeon Forge,Tennessee,United States,37863
37,Steel Force,Dorney Park,"Allentown, Pa.",Morgan,1997,105,2016,Allentown,Pennsylvania,United States,18104
38,Lisebergbanan,Liseberg,"Gothenburg, Sweden",Schwarz,1987,99,2016,Gothenburg,Västra Götalands,Sweden,402 22
39,Cheetah Hunt,Busch Gardens Tampa,"Tampa, Fla.",Intamin,2011,97,2016,Tampa,Florida,United States,33612
42,Euro-Mir,Europa-Park,"Rust, Germany",Mack,1997,94,2016,Rust,Baden-Württemberg,Germany,77977
42,Medusa Steel Coaster,Six Flags Mexico,"Mexico City, Mexico",RMC,2014,94,2016,Mexico City,Distrito Federal,Mexico,14200
42,Cannibal,Lagoon,"Farmington, Utah",Lagoon,2015,92,2016,Farmington,Utah,United States,84025
42,Kumba,Busch Gardens Tampa,"Tampa, Fla.",B&M,1993,92,2016,Tampa,Florida,United States,33612
44,Lightning Run,Kentucky Kingdom,"Louisville, Ky.",Chance,2014,90,2016,Louisville,Kentucky,United States,40209
45,Whizzer,Six Flags Great America,"Gurnee, Ill.",Schwarzkopf,1976,85,2016,Gurnee,Illinois,United States,60031
46,Olympia Looping,Weiner Prater,"Vienna, Austria",Schwarzkopf,1989,81,2016,Vienna,Vienna,Austria,1020
47,Raptor,Cedar Point,"Sandusky, Ohio",B&M,1994,80,2016,Sandusky,Ohio,United States,44870
48,Bizarro,Six Flags Great Adventure,"Jackson, N.J.",B&M,1999,74,2016,Jackson,New Jersey,United States,08527
49,Expedition Everest,Disney’s Animal Kingdom,"Orlando, Fla.",Vekoma,2006,72,2016,Lake Buena Vista,Florida,United States,32830
49,GateKeeper,Cedar Point,"Sandusky, Ohio",B&M,2013,72,2016,Sandusky,Ohio,United States,44870
1,Fury 325,Carowinds,"Charlotte, N.C.",B&M,2015,1354,2017,Charlotte,North Carolina,United States,28273
2,Millennium Force,Cedar Point,"Sandusky, Ohio",Intamin,2000,1129,2017,Sandusky,Ohio,United States,44870
3,Superman The Ride,Six Flags New England,"Agawam, Mass.",Intamin,2000,705,2017,Agawam,Massachusetts,United States,01001
4,Iron Rattler,Six Flags Fiesta Texas,"San Antonio, Texas",RMC,2013,657,2017,San Antonio,Texas,United States,78257
5,Expedition GeForce,Holiday Park,"Hassloch, Germany",Intamin,2001,575,2017,Hassloch,Rhineland-Palatinate,Germany,67454
6,Leviathan,Canada’s Wonderland,"Vaughan, Ontario, Canada",B&M,2012,481,2017,Vaughan,Ontario,Canada,L6A 1S6
7,Nitro,Six Flags Great Adventure,"Jackson, N.J.",B&M,2001,442,2017,Jackson,New Jersey,United States,08527
8,Diamondback,Kings Island,"Mason, Ohio",B&M,2009,381,2017,Mason,Ohio,United States,45040
9,New Texas Giant,Six Flags Over Texas,"Arlington, Texas",RMC,2011,379,2017,Arlington,Texas,United States,76011
10,Maverick,Cedar Point,"Sandusky, Ohio",Intamin,2007,375,2017,Sandusky,Ohio,United States,44870
11,Apollo’s Chariot,Busch Gardens Williamsburg,"Williamsburg, Va.",B&M,1999,374,2017,Williamsburg,Virginia,United States,23185
12,Phantom’s Revenge,Kennywood,"West Mifflin, Pa.",Morgan,2001,344,2017,West Mifflin,Pennsylvania,United States,15122
13,Intimidator 305,Kings Dominion,"Doswell, Va.",Intamin,2010,330,2017,Doswell,Virginia,United States,23047
14,Goliath,Six Flags Over Georgia,"Austell, Ga.",B&M,2006,291,2017,Austell,Georgia,United States,30168
14,Wicked Cyclone,Six Flags New England,"Agawam, Mass.",RMC,2015,291,2017,Agawam,Massachusetts,United States,01001
16,Twisted Colossus,Six Flags Magic Mountain,"Valencia, Calif.",RMC,2015,284,2017,Valencia,California,United States,91355
17,Top Thrill Dragster,Cedar Point,"Sandusky, Ohio",Intamin,2003,276,2017,Sandusky,Ohio,United States,44870
18,Blue Fire,Europa-Park,"Rust, Germany",Mack,2006,272,2017,Rust,Baden-Württemberg,Germany,77977
19,Intimidator,Carowinds,"Charlotte, N.C.",B&M,2010,261,2017,Charlotte,North Carolina,United States,28273
20,Nemesis,Alton Towers,"Staffordshire, England",B&M,1994,254,2017,Stoke-on-Trent,England,United Kingdom,ST10 4DB
21,Taron,Phantasialand,"Brühl, Germany",Intamin,2016,253,2017,Brühl,North Rhine-Westphalia,Germany,50321
22,Banshee,Kings Island,"Mason, Ohio",B&M,2014,244,2017,Mason,Ohio,United States,45040
23,Magnum XL-200,Cedar Point,"Sandusky, Ohio",Arrow,1989,238,2017,Sandusky,Ohio,United States,44870
24,Skyrush,Hersheypark,"Hershey, Pa.",Intamin,2012,235,2017,Hershey,Pennsylvania,United States,17033
25,X2,Six Flags Magic Mountain,"Valencia, Calif.",Arrow,2002,217,2017,Valencia,California,United States,91355
26,Mind Bender,Six Flags Over Georgia,"Austell, Ga.",Schwarzkopf,1978,209,2017,Austell,Georgia,United States,30168
27,Montu,Busch Gardens Tampa,"Tampa, Fla.",B&M,1996,200,2017,Tampa,Florida,United States,33612
28,Behemoth,Canada’s Wonderland,"Vaughan, Ontario, Canada",B&M,2008,184,2017,Vaughan,Ontario,Canada,L6A 1S6
29,Cheetah Hunt,Busch Gardens Tampa,"Tampa, Fla.",Intamin,2011,181,2017,Tampa,Florida,United States,33612
29,Helix,Liseberg,"Gothenburg, Sweden",Mack,2014,181,2017,Gothenburg,Västra Götalands,Sweden,402 22
31,Mako,SeaWorld Orlando,"Orlando, Fla.",B&M,2016,171,2017,Orlando,Florida,United States,32821
32,Cannibal,Lagoon,"Farmington, Utah",Lagoon,2015,163,2017,Farmington,Utah,United States,84025
33,Storm Chaser,Kentucky Kingdom,"Louisville, Ky.",RMC,2016,135,2017,Louisville,Kentucky,United States,40209
34,Raging Bull,Six Flags Great America,"Gurnee, Ill.",B&M,1999,113,2017,Gurnee,Illinois,United States,60031
35,Black Mamba,Phantasialand,"Brühl, Germany",B&M,2006,109,2017,Brühl,North Rhine-Westphalia,Germany,50321
36,Alpengeist,Busch Gardens Williamsburg,"Williamsburg, Va.",B&M,1997,104,2017,Williamsburg,Virginia,United States,23185
37,Medusa Steel Coaster,Six Flags Mexico,"Mexico City, Mexico",RMC,2014,98,2017,Mexico City,Distrito Federal,Mexico,14200
38,Quimera,La Feria,"Mexico City, Mexico",Schwarzkopf,2007,93,2017,Mexico City,Distrito Federal,Mexico,72320
39,Thunderbird,Holiday World,"Santa Claus, Ind.",B&M,2015,91,2017,Santa Claus,Indiana,United States,47579
40,Lisebergbanan,Liseberg,"Gothenburg, Sweden",Schwarz,1987,84,2017,Gothenburg,Västra Götalands,Sweden,402 22
41,Goliath,La Ronde,"Montreal, Quebec, Canada",B&M,2006,78,2017,Montreal,Quebec,Canada,H3C6A3
41,Kumba,Busch Gardens Tampa,"Tampa, Fla.",B&M,1993,78,2017,Tampa,Florida,United States,33612
41,Lightning Run,Kentucky Kingdom,"Louisville, Ky.",Chance,2014,78,2017,Louisville,Kentucky,United States,40209
44,Steel Force,Dorney Park,"Allentown, Pa.",Morgan,1997,76,2017,Allentown,Pennsylvania,United States,18104
45,Euro-Mir,Europa-Park,"Rust, Germany",Mack,1997,72,2017,Rust,Baden-Württemberg,Germany,77977
46,Shock Wave,Six Flags Over Texas,"Arlington, Texas",Schwarzkopf,1978,68,2017,Arlington,Texas,United States,76011
46,Whizzer,Six Flags Great America,"Gurnee, Ill.",Schwarzkopf,1976,68,2017,Gurnee,Illinois,United States,60031
48,Griffon,Busch Gardens Williamsburg,"Williamsburg, Va.",B&M,2007,62,2017,Williamsburg,Virginia,United States,23185
49,Expedition Everest,Disney’s Animal Kingdom,"Orlando, Fla.",Vekoma,2006,61,2017,Lake Buena Vista,Florida,United States,32830
50,Full Throttle,Six Flags Magic Mountain,"Valencia, Calif.",Premier,2013,59,2017,Valencia,California,United States,91355
1,Fury 325,Carowinds,"Charlotte, N.C.",B&M,2015,1222,2018,Charlotte,North Carolina,United States,28273
2,Millennium Force,Cedar Point,"Sandusky, Ohio",Intamin,2000,1156,2018,Sandusky,Ohio,United States,44870
3,Steel Vengeance,Cedar Point,"Sandusky, Ohio",Rocky Mountain,2018,829,2018,Sandusky,Ohio,United States,44870
4,Expedition GeForce,Holiday Park,"Hassloch, Germany",Intamin,2001,540,2018,Hassloch,Rhineland-Palatinate,Germany,67454
5,Superman: The Ride,Six Flags New England,"Agawam, Mass.",Intamin,2000,535,2018,Agawam,Massachusetts,United States,01001
6,Apollo’s Chariot,Busch Gardens Williamsburg,"Williamsburg, Va.",B&M,1999,522,2018,Williamsburg,Virginia,United States,23185
7,Iron Rattler,Six Flags Fiesta Texas,"San Antonio, Texas",Rocky Mountain,2013,483,2018,San Antonio,Texas,United States,78257
8,Leviathan,Canada’s Wonderland,"Vaughan, Ontario, Canada",B&M,2012,410,2018,Vaughan,Ontario,Canada,L6A 1S6
9,Maverick,Cedar Point,"Sandusky, Ohio",Intamin,2007,390,2018,Sandusky,Ohio,United States,44870
10,Diamondback,Kings Island,"Mason, Ohio",B&M,2009,347,2018,Mason,Ohio,United States,45040
11,Nitro,Six Flags Great Adventure,"Jackson, N.J.",B&M,2001,345,2018,Jackson,New Jersey,United States,08527
12,Intimidator 305,Kings Dominion,"Doswell, Va.",Intamin,2010,344,2018,Doswell,Virginia,United States,23047
13,Phantom’s Revenge,Kennywood,"West Mifflin, Pa.",Morgan/Arrow,2001,324,2018,West Mifflin,Pennsylvania,United States,15122
14,Magnum XL-200,Cedar Point,"Sandusky, Ohio",Arrow,1989,300,2018,Sandusky,Ohio,United States,44870
15,Taron,Phantasialand,"Brühl, Germany",Intamin,2016,283,2018,Brühl,North Rhine-Westphalia,Germany,50321
16,Top Thrill Dragster,Cedar Point,"Sandusky, Ohio",Intamin,2003,278,2018,Sandusky,Ohio,United States,44870
17,Mako,SeaWorld Orlando,"Orlando, Fla.",B&M,2016,251,2018,Orlando,Florida,United States,32821
18,Time Traveler,Silver Dollar City,"Branson, Mo.",Mack,2018,248,2018,Branson,Missouri,United States,65616
19,Blue Fire,Europa-Park,"Rust, Germany",Mack,2009,244,2018,Rust,Baden-Württemberg,Germany,77977
20,Nemesis,Alton Towers,"Staffordshire, England",B&M,1994,238,2018,Stoke-on-Trent,England,United Kingdom,ST10 4DB
21,Helix,Liseberg,"Gothenburg, Sweden",Mack,2014,234,2018,Gothenburg,Västra Götalands,Sweden,402 22
22,Intimidator,Carowinds,"Charlotte, N.C.",B&M,2010,233,2018,Charlotte,North Carolina,United States,28273
23,New Texas Giant,Six Flags Over Texas,"Arlington, Texas",Rocky Mountain,2011,222,2018,Arlington,Texas,United States,76011
24,Twisted Colossus,Six Flags Magic Mountain,"Valencia, Calif.",Rocky Mountain,2015,212,2018,Valencia,California,United States,91355
25,Mind Bender,Six Flags Over Georgia,"Austell, Ga.",Schwarzkopf,1978,211,2018,Austell,Georgia,United States,30168
26,Goliath,Six Flags Over Georgia,"Austell, Ga.",B&M,2006,201,2018,Austell,Georgia,United States,30168
27,Behemoth,Canada’s Wonderland,"Vaughan, Ontario, Canada",B&M,2008,187,2018,Vaughan,Ontario,Canada,L6A 1S6
28,Montu,Busch Gardens Tampa,"Tampa, Fla.",B&M,1996,186,2018,Tampa,Florida,United States,33612
29,Banshee,Kings Island,"Mason, Ohio",B&M,2014,175,2018,Mason,Ohio,United States,45040
30,Skyrush,Hersheypark,"Hershey, Pa.",Intamin,2012,173,2018,Hershey,Pennsylvania,United States,17033
31,X2,Six Flags Magic Mountain,"Valencia, Calif.",Arrow,2001,162,2018,Valencia,California,United States,91355
32,Alpengeist,Busch Gardens Williamsburg,"Williamsburg, Va.",B&M,1997,160,2018,Williamsburg,Virginia,United States,23185
33,Wicked Cyclone,Six Flags New England,"Agawam, Mass.",Rocky Mountain,2015,158,2018,Agawam,Massachusetts,United States,01001
34,Black Mamba,Phantasialand,"Brühl, Germany",B&M,2006,137,2018,Brühl,North Rhine-Westphalia,Germany,50321
35,Cheetah Hunt,Busch Gardens Tampa,"Tampa, Fla.",Intamin,2011,132,2018,Tampa,Florida,United States,33612
36,Verbolten,Busch Gardens Williamsburg,"Williamsburg, Va.",Zierer,2012,116,2018,Williamsburg,Virginia,United States,23185
37,Kumba,Busch Gardens Tampa,"Tampa, Fla.",B&M,1993,115,2018,Tampa,Florida,United States,33612
38,Twisted Timbers,Kings Dominion,"Doswell, Va.",Rocky Mountain,2018,109,2018,Doswell,Virginia,United States,23047
39,Jetline,Gröna Lund,"Stockholm, Sweden",Schwarzkopf,1988,99,2018,Stockholm,Stockholms,Sweden,115 21
39,Superman Ride of Steel,Six Flags Great America,"Upper Marlsboro, Md.",Intamin,2000,99,2018,Gurnee,Illinois,United States,60031
41,Goliath,La Ronde,"Montreal, Quebec, Canada",B&M,2006,97,2018,Montreal,Quebec,Canada,H3C6A3
42,Lisebergbanan,Liseberg,"Gothemburg, Sweden",Schwarzkopf,1987,96,2018,Gothenburg,Västra Götalands,Sweden,402 22
43,Griffon,Busch Gardens Williamsburg,"Williamsburg, Va.",B&M,2007,93,2018,Williamsburg,Virginia,United States,23185
44,Cannibal,Lagoon,"Farmington, Utah",Lagoon,2015,92,2018,Farmington,Utah,United States,84025
45,Shambhala,PortAventura,"Salou, Spain",B&M,2012,89,2018,Tarragona,Catalonia,Spain,43840
46,Expedition Everest,Disney’s Animal Kingdom,"Orlando, Fla.",Vekoma,2006,82,2018,Lake Buena Vista,Florida,United States,32830
47,Storm Chaser,Kentucky Kingdom,"Louisville, Ky.",Rocky Mountain,2016,81,2018,Louisville,Kentucky,United States,40209
48,Raging Bull,Six Flags Great America,"Gurnee, Ill.",B&M,1999,78,2018,Gurnee,Illinois,United States,60031
49,Thunderbird,Holiday World,"Santa Claus, Ind.",B&M,2015,72,2018,Santa Claus,Indiana,United States,47579
50,Whizzer,Six Flags Great America,"Gurnee, Ill.",Schwarzkopf,1976,70,2018,Gurnee,Illinois,United States,60031
1,Boulder Dash,Lake Compounce,"Bristol, Conn.",CCI,2000,1333,2013,Bristol,Connecticut,United States,06010
2,El Toro,Six Flags Great Adventure,"Jackson, N.J.",Intamin,2006,1302,2013,Jackson,New Jersey,United States,08527
3,Phoenix,Knoebels Amusement Resort,"Elysburg, Pa.",Dinn/PTC-Schmeck,1985,1088,2013,Elysburg,Pennsylvania,United States,17824
4,The Voyage,Holiday World,"Santa Claus, Ind.",Gravity Group,2006,1086,2013,Santa Claus,Indiana,United States,47579
5,Thunderhead,Dollywood,"Pigeon Forge, Tenn.",GCII,2004,923,2013,Pigeon Forge,Tennessee,United States,37863
6,Ravine Flyer II,Waldameer,"Erie, Pa.",Gravity Group,2008,712,2013,Erie,Pennsylvania,United States,16505
7,Outlaw Run,Silver Dollar City,"Branson, Mo.",Rocky Mountain,2013,599,2013,Branson,Missouri,United States,65616
8,The Beast,Kings Island,"Kings Mills, Ohio",KECO,1979,555,2013,Mason,Ohio,United States,45040
9,Lightning Racer,Hersheypark,"Hershey, Pa.",GCII,2000,364,2013,Hershey,Pennsylvania,United States,17033
10,Shivering Timbers,Michigan’s Adventure,"Muskegon, Mich.",CCI,1998,304,2013,Muskegon,Michigan,United States,49445
1,Boulder Dash,Lake Compounce,"Bristol, Conn.",CCI,2000,1480,2014,Bristol,Connecticut,United States,06010
2,El Toro,Six Flags Great Adventure,"Jackson, N.J.",Intamin,2006,1291,2014,Jackson,New Jersey,United States,08527
3,The Voyage,Holiday World,"Santa Claus, Ind.",Gravity Group,2006,1129,2014,Santa Claus,Indiana,United States,47579
4,Phoenix,Knoebels Amusement Resort,"Elysburg, Pa.",Dinn/PTC-Schmeck,1985,1036,2014,Elysburg,Pennsylvania,United States,17824
5,Thunderhead,Dollywood,"Pigeon Forge, Tenn.",GCII,2004,837,2014,Pigeon Forge,Tennessee,United States,37863
6,Ravine Flyer II,Waldameer,"Erie, Pa.",Gravity Group,2008,719,2014,Erie,Pennsylvania,United States,16505
7,Gold Striker,California’s Great America,"Santa Clara, Calif.",GCII,2013,619,2014,Santa Clara,California,United States,95054
8,The Beast,Kings Island,"Mason, Ohio",KECO,1979,614,2014,Mason,Ohio,United States,45040
9,Outlaw Run,Silver Dollar City,"Branson, Mo.",Rocky Mountain,2013,605,2014,Branson,Missouri,United States,65616
10,Balder,Liseberg,"Gothenburg, Sweden",Intamin,2003,393,2014,Gothenburg,Västra Götalands,Sweden,402 22
1,Boulder Dash,Lake Compounce,"Bristol, Conn.",CCI,2000,1625,2015,Bristol,Connecticut,United States,06010
2,El Toro,Six Flags Great Adventure,"Jackson, N.J.",Intamin,2006,1464,2015,Jackson,New Jersey,United States,08527
3,Phoenix,Knoebels Amusement Resort,"Elysburg, Pa.",Dinn/PTC-Schmeck,1985,1301,2015,Elysburg,Pennsylvania,United States,17824
4,The Voyage,Holiday World,"Santa Claus, Ind.",Gravity Group,2006,1184,2015,Santa Claus,Indiana,United States,47579
5,Thunderhead,Dollywood,"Pigeon Forge, Tenn.",GCII,2004,904,2015,Pigeon Forge,Tennessee,United States,37863
6,The Beast,Kings Island,"Mason, Ohio",KECO,1979,740,2015,Mason,Ohio,United States,45040
7,Ravine Flyer II,Waldameer,"Erie, Pa.",Gravity Group,2008,722,2015,Erie,Pennsylvania,United States,16505
8,Outlaw Run,Silver Dollar City,"Branson, Mo.",Rocky Mountain,2013,637,2015,Branson,Missouri,United States,65616
9,Gold Striker,California’s Great America,"Santa Clara, Calif.",GCII,2013,560,2015,Santa Clara,California,United States,95054
10,Lightning Racer,Hersheypark,"Hershey, Pa.",GCII,2000,421,2015,Hershey,Pennsylvania,United States,17033
1,Boulder Dash,Lake Compounce,"Bristol, Conn.",Custom Coasters,2000,1216,2016,Bristol,Connecticut,United States,06010
2,Phoenix,Knoebels Amusement Resort,"Elysburg, Pa.",Dinn-PTC/Schmeck,1985,1144,2016,Elysburg,Pennsylvania,United States,17824
3,El Toro,Six Flags Great Adventure,"Jackson, N.J.",Intamin,2006,1121,2016,Jackson,New Jersey,United States,08527
4,The Voyage,Holiday World,"Santa Claus, Ind.",Gravity Group,2006,1028,2016,Santa Claus,Indiana,United States,47579
5,Ravine Flyer II,Waldameer,"Erie, Pa.",Gravity Group,2008,692,2016,Erie,Pennsylvania,United States,16505
6,The Beast,Kings Island,"Mason, Ohio",KECO,1979,670,2016,Mason,Ohio,United States,45040
7,Thunderhead,Dollywood,"Pigeon Forge, Tenn.",Great Coasters Int.,2004,641,2016,Pigeon Forge,Tennessee,United States,37863
8,Outlaw Run,Silver Dollar City,"Branson, Mo.",Rocky Mountain,2013,611,2016,Branson,Missouri,United States,65616
9,Gold Striker,California’s Great America,"Santa Clara, Calif.",Great Coasters Int.,2013,525,2016,Santa Clara,California,United States,95054
10,Lightning Racer,Hersheypark,"Hershey, Pa.",Great Coasters Int.,2000,347,2016,Hershey,Pennsylvania,United States,17033
11,Lightning Rod,Dollywood,"Pigeon Forge, Tenn.",Rocky Mountain,2016,336,2016,Pigeon Forge,Tennessee,United States,37863
12,Balder,Liseberg,"Gothenburg, Sweden",Intamin,2003,292,2016,Gothenburg,Västra Götalands,Sweden,402 22
13,Goliath,Six Flags Great America,"Gurnee, Ill.",Rocky Mountain,2014,267,2016,Gurnee,Illinois,United States,60031
14,Prowler,Worlds of Fun,"Kansas City, Mo.",Great Coasters Int.,2009,256,2016,Kansas City,Missouri,United States,64161
15,The Raven,Holiday World,"Santa Claus, Ind.",Custom Coasters,1995,245,2016,Santa Claus,Indiana,United States,47579
16,The Legend,Holiday World,"Santa Claus, Ind.",Custom Coasters,2000,241,2016,Santa Claus,Indiana,United States,47579
17,Giant Dipper,Santa Cruz Beach Boardwalk,"Santa Cruz, Calif.",Prior & Church/Looff,1924,233,2016,Santa Cruz,California,United States,95060
18,Colossos,Heide Park,"Soltau, Germany",Intamin,2001,222,2016,Soltau,Lower Saxony,Germany,29614
19,Shivering Timbers,Michigan’s Adventure,"Muskegon, Mich.",Custom Coasters,1998,213,2016,Muskegon,Michigan,United States,49445
20,Jack Rabbit,Kennywood,"West Mifflin, Pa.",PTC/Miller,1920,208,2016,West Mifflin,Pennsylvania,United States,15122
21,Thunderbolt,Kennywood,"West Mifflin, Pa.",Vettel/Miller,1968,206,2016,West Mifflin,Pennsylvania,United States,15122
22,Cú Chulainn,Tayto Park,"Ashbourne, Ireland",Gravity Group,2015,179,2016,Ashbourne,Meath,Ireland,A84 EA02
23,Wodan,Europa-Park,"Rust, Germany",Great Coasters Int.,2012,175,2016,Rust,Baden-Württemberg,Germany,77977
24,Troy,Toverland,"Sevenum, Netherlands",Great Coasters Int.,2007,174,2016,Sevenum,Limburg,Netherlands,5975
25,Comet,The Great Escape,"Lake George, N.Y.",PTC/Schmeck,1994,166,2016,Queensbury,New York,United States,12804
25,El Toro,Freizeitpark Plohn,"Legendfeld, Germany",Great Coasters Int.,2009,166,2016,Reichenbach/Vogtland,Saxony,Germany,08485
27,Cyclone,Coney Island,"Brooklyn, N.Y.",Keenan/Baker,1927,165,2016,Brooklyn,New York,United States,11224
28,Wildfire,Kolmården,"Norrköping, Sweden",Rocky Mountain,2016,153,2016,Kolmården,Östergötlands,Sweden,618 92
29,GhostRider,Knott’s Berry Farm,"Buena Vista, Calif.",Custom Coasters,1998,141,2016,Buena Park,California,United States,90620
30,Playland Wooden Coaster,Playland,"Vancouver, B.C., Canada",Phare,1958,141,2016,Rye,New York,United States,10580
31,The Boss,Six Flags St. Louis,"Eureka, Mo.",Custom Coasters,2000,140,2016,Eureka,Missouri,United States,63025
32,Wild Mouse,Blackpool Pleasure Beach,"Blackpool, England","Wright, Blackpool",1958,132,2016,Blackpool,England,United Kingdom,FY4 1EZ
33,American Thunder,Six Flags St. Louis,"Eureka, Mo.",Great Coasters Int.,2009,129,2016,Eureka,Missouri,United States,63025
34,White Lightning,Fun Spot America,"Orlando, Fla.",Great Coasters Int.,2013,128,2016,Orlando,Florida,United States,32819
35,Megafobia,Oakwood Leisure Park,"Pembrokeshire, Wales",Custom Coasters,1996,122,2016,Pembroke,Wales,United Kingdom,SA67 8DE
36,Hades 360,Mt. Olympus Theme Park,"Wisconsin Dells, Wis.",Gravity Group,1995,118,2016,Wisconsin Dells,Wisconsin,United States,53965
37,Rampage,Alabama Splash Adventure,"Bessemer, Ala.",Custom Coasters,1998,117,2016,Bessemer,Alabama,United States,35022
38,Blue Streak,Conneaut Lake Park,"Conneaut Lake, Pa.",Vettel,1938,116,2016,Conneaut Lake,Pennsylvania,United States,16316
39,Screamin’ Eagle,Six Flags St. Louis,"Eureka, Mo.",PTC/Allen,1976,116,2016,Eureka,Missouri,United States,63025
40,Tremors,Silverwood,"Athol, Idaho",Custom Coasters,1999,115,2016,Athol,Idaho,United States,83801
41,Flying Turns,Knoebels Amusement Resort,"Elysburg, Pa.",Knoebels,2013,110,2016,Elysburg,Pennsylvania,United States,17824
42,Blue Streak,Cedar Point,"Sandusky, Ohio",PTC/Hoover,1964,103,2016,Sandusky,Ohio,United States,44870
43,Racer,Kennywood,"West Mifflin, Pa.",PTC/Miller,1927,94,2016,West Mifflin,Pennsylvania,United States,15122
44,T Express,Everland,"Yongin-si, South Korea",Intamin,2008,84,2016,Seoul,Seoul,South Korea,17023
45,Twister,Gröna Lund,"Stockholm, Sweden",Gravity Group,2011,84,2016,Stockholm,Stockholms,Sweden,115 21
46,Wooden Warrior,Quassy Amusement Park,"Middlebury, Conn.",Gravity Group,2011,81,2016,Middlebury,Connecticut,United States,06762
47,Twister,Knoebels Amusement Resort,"Elysburg, Pa.",Fetterman/Knoebels,1999,78,2016,Elysburg,Pennsylvania,United States,17824
48,Kentucky Rumbler,Beech Bend,"Bowling Green, Ky.",Great Coasters Int.,2006,77,2016,Bowling Green,Kentucky,United States,42101
49,Wood Coaster,Knight Valley,"Shenzhen, China",Great Coasters Int.,2011,76,2016,Shenzhen,Guangdong,China,518085
50,Boardwalk Bullet,Kemah Boardwalk,"Kemah, Texas",M&V/The Gravity Group,2007,73,2016,Kemah,Texas,United States,77565
1,El Toro,Six Flags Great Adventure,"Jackson, N.J.",Intamin,2009,1241,2017,Jackson,New Jersey,United States,08527
2,Phoenix,Knoebels Amusement Resort,"Elysburg, Pa.",Dinn-PTC/Schmeck,1985,1212,2017,Elysburg,Pennsylvania,United States,17824
3,Boulder Dash,Lake Compounce,"Bristol, Conn.",Custom Coasters,2000,1171,2017,Bristol,Connecticut,United States,06010
4,Voyage,Holiday World,"Santa Claus, Ind.",Gravity Group,2006,1113,2017,Santa Claus,Indiana,United States,47579
5,Lightning Rod,Dollywood,"Pigeon Forge, Tenn.",Rocky Mountain,2016,710,2017,Pigeon Forge,Tennessee,United States,37863
6,Beast,Kings Island,"Mason, Ohio",KECO,1979,666,2017,Mason,Ohio,United States,45040
7,Ravine Flyer II,Waldameer,"Erie, Pa.",Gravity Group,2008,612,2017,Erie,Pennsylvania,United States,16505
8,Thunderhead,Dollywood,"Pigeon Forge, Tenn.",Great Coasters Int.,2004,560,2017,Pigeon Forge,Tennessee,United States,37863
9,Outlaw Run,Silver Dollar City,"Branson, Mo.",Rocky Mountain,2013,541,2017,Branson,Missouri,United States,65616
10,Gold Striker,California’s Great America,"Santa Clara, Calif.",Great Coasters Int.,2013,489,2017,Santa Clara,California,United States,95054
11,Mystic Timbers,Kings Island,"Mason, Ohio",Great Coasters Int.,2017,345,2017,Mason,Ohio,United States,45040
12,Lightning Racer,Hersheypark,"Hershey, Pa.",Great Coasters Int.,2000,276,2017,Hershey,Pennsylvania,United States,17033
13,Goliath,Six Flags Great America,"Gurnee, Ill.",Rocky Mountain,2014,269,2017,Gurnee,Illinois,United States,60031
14,Boardwalk Bullet,Kemah Boardwalk,"Kemah, Texas, United States",M&V/Gravity Group,2007,236,2017,Kemah,Texas,United States,77565
15,Wodan,Europa-Park,"Rust, Germany",Great Coasters Int.,2012,223,2017,Rust,Baden-Württemberg,Germany,77977
16,Balder,Liseberg,"Gothenburg, Sweden",Intamin,2003,221,2017,Gothenburg,Västra Götalands,Sweden,402 22
17,Thunderbolt,Kennywood,"West Mifflin, Pa.",Vettel/Miller,1968,220,2017,West Mifflin,Pennsylvania,United States,15122
18,GhostRider,Knott’s Berry Farm,"Buena Vista, Calif.",Custom Coasters,1998,219,2017,Buena Park,California,United States,90620
18,Troy,Toverland,"Sevenum, Netherlands",Great Coasters Int.,2007,219,2017,Sevenum,Limburg,Netherlands,5975
18,White Lightning,Fun Spot America,"Orlando, Fla.",Great Coasters Int.,2013,219,2017,Orlando,Florida,United States,32819
21,Rampage,Alabama Splash Adventure,"Bessemer, Ala.",Custom Coasters,1998,218,2017,Bessemer,Alabama,United States,35022
22,Cyclone,Coney Island,"Brooklyn, N.Y.",Keenan/Baker,1927,217,2017,Brooklyn,New York,United States,11224
23,Raven,Holiday World,"Santa Claus, Ind.",Custom Coasters,1995,214,2017,Santa Claus,Indiana,United States,47579
24,Legend,Holiday World,"Santa Claus, Ind.",Custom Coasters,2000,198,2017,Santa Claus,Indiana,United States,47579
25,Shivering Timbers,Michigan’s Adventure,"Muskegon, Mich.",Custom Coasters,1998,197,2017,Muskegon,Michigan,United States,49445
26,Jack Rabbit,Kennywood,"West Mifflin, Pa.",PTC/Miller,1920,188,2017,West Mifflin,Pennsylvania,United States,15122
27,Prowler,Worlds of Fun,"Kansas City, Mo.",Great Coasters Int.,2009,186,2017,Kansas City,Missouri,United States,64161
28,Boss,Six Flags St. Louis,"Eureka, Mo.",Custom Coasters,2000,183,2017,Eureka,Missouri,United States,63025
29,Wildfire,Kolmården,"Norrköping, Sweden",Rocky Mountain,2016,177,2017,Kolmården,Östergötlands,Sweden,618 92
30,Cú Chulainn,Tayto Park,"Ashbourne, Ireland",Gravity Group,2015,168,2017,Ashbourne,Meath,Ireland,A84 EA02
31,Giant Dipper,Santa Cruz Beach Boardwalk,"Santa Cruz, Calif.",Prior & Church/Looff,1924,167,2017,Santa Cruz,California,United States,95060
32,Comet,The Great Escape,"Lake George, N.Y.",PTC/Schmeck,1994,157,2017,Queensbury,New York,United States,12804
33,Switchback,ZDT’s,"Seguin, Texas",Gravity Group,2015,139,2017,Seguin,Texas,United States,78155
34,Colossos,Heide Park,"Soltau, Germany",Intamin,2001,129,2017,Soltau,Lower Saxony,Germany,29614
35,Twister,Knoebels Amusement Resort,"Elysburg, Pa.",Fetterman/Knoebels,1999,119,2017,Elysburg,Pennsylvania,United States,17824
36,Wild Mouse,Blackpool Pleasure Beach,"Blackpool, England","Wright, Blackpool",1958,112,2017,Blackpool,England,United Kingdom,FY4 1EZ
37,Blue Streak,Conneaut Lake Park,"Conneaut Lake, Pa.",Vettel,1964,109,2017,Conneaut Lake,Pennsylvania,United States,16316
38,Hades 360,Mt. Olympus Theme Park,"Wisconsin Dells, Wis.",Gravity Group,1995,107,2017,Wisconsin Dells,Wisconsin,United States,53965
39,Playland Wooden Coaster,Playland,"Vancouver, B.C., Canada",Phare,1958,98,2017,Rye,New York,United States,10580
40,American Thunder,Six Flags St. Louis,"Eureka, Mo.",Great Coasters Int.,2009,96,2017,Eureka,Missouri,United States,63025
41,El Toro,Freizeitpark Plohn,"Legendfeld, Germany",Great Coasters Int.,2006,92,2017,Reichenbach/Vogtland,Saxony,Germany,08485
42,Blue Streak,Cedar Point,"Sandusky, Ohio",PTC/Hoover,1964,87,2017,Sandusky,Ohio,United States,44870
43,Screamin’ Eagle,Six Flags St. Louis,"Eureka, Mo.",PTC/Allen,1976,86,2017,Eureka,Missouri,United States,63025
44,Flying Turns,Knoebels Amusement Resort,"Elysburg, Pa.",Knoebels,2013,84,2017,Elysburg,Pennsylvania,United States,17824
45,Wooden Warrior,Quassy Amusement Park,"Middlebury, Conn.",Gravity Group,2011,82,2017,Middlebury,Connecticut,United States,06762
46,Grizzly (KD),Kings Dominion,"Doswell, Va.",,1982,81,2017,Doswell,Virginia,United States,23047
47,Tremors,Silverwood,"Athol, Idaho",Custom Coasters,1999,80,2017,Athol,Idaho,United States,83801
48,Grand National,Blackpool Pleasure Beach,"Blackpool, England",Paige,1935,75,2017,Blackpool,England,United Kingdom,FY4 1EZ
49,Kentucky Rumbler,Beech Bend,"Bowling Green, Ky.",Great Coasters Int.,2006,71,2017,Bowling Green,Kentucky,United States,42101
50,Twister,Gröna Lund,"Stockholm, Sweden",Gravity Group,2011,66,2017,Stockholm,Stockholms,Sweden,115 21
1,Phoenix,Knoebels Amusement Resort,"Elysburg, Pa.",PTC/Schmeck-Dinn,1985,1330,2018,Elysburg,Pennsylvania,United States,17824
2,El Toro,Six Flags Great Adventure,"Jackson, N.J.",Intamin,2006,1197,2018,Jackson,New Jersey,United States,08527
3,Voyage,Holiday World,"Santa Claus, Ind.",Gravity Group,2006,1086,2018,Santa Claus,Indiana,United States,47579
4,Boulder Dash,Lake Compounce,"Bristol, Conn.",Custom Coasters,2000,982,2018,Bristol,Connecticut,United States,06010
5,Beast,Kings Island,"Mason, Ohio",KECO,1979,781,2018,Mason,Ohio,United States,45040
6,Lightning Rod,Dollywood,"Pigeon Forge, Tenn.",Rocky Mountain,2016,691,2018,Pigeon Forge,Tennessee,United States,37863
7,Outlaw Run,Silver Dollar City,"Branson, Mo.",Rocky Mountain,2013,573,2018,Branson,Missouri,United States,65616
8,Ravine Flyer II,Waldameer,"Erie, Pa.",Gravity Group,2008,560,2018,Erie,Pennsylvania,United States,16505
9,Gold Striker,California’s Great America,"Santa Clara, Calif.",Great Coasters Int.,2013,497,2018,Santa Clara,California,United States,95054
10,Thunderhead,Dollywood,"Pigeon Forge, Tenn.",Great Coasters Int.,2004,477,2018,Pigeon Forge,Tennessee,United States,37863
11,Mystic Timbers,Kings Island,"Mason, Ohio",Great Coasters Int.,2017,465,2018,Mason,Ohio,United States,45040
12,Lightning Racer,Hersheypark,"Hershey, Pa.",Great Coasters Int.,2000,329,2018,Hershey,Pennsylvania,United States,17033
13,GhostRider,Knott’s Berry Farm,"Buena Park, Calif.",Custom Coasters,1998,307,2018,Buena Park,California,United States,90620
14,Balder,Liseberg,"Gothenburg, Sweden",Intamin,2003,289,2018,Gothenburg,Västra Götalands,Sweden,402 22
15,Thunderbolt,Kennywood,"West Mifflin, Pa.",Vettel/Miller,1968,260,2018,West Mifflin,Pennsylvania,United States,15122
16,Wodan,Europa-Park,"Rust, Germany",Great Coasters Int.,2012,236,2018,Rust,Baden-Württemberg,Germany,77977
17,Wildfire,Kolmården,"Norrköping, Sweden",Rocky Mountain,2016,232,2018,Kolmården,Östergötlands,Sweden,618 92
18,Raven,Holiday World,"Santa Claus, Ind.",Custom Coasters,1995,229,2018,Santa Claus,Indiana,United States,47579
19,Goliath,Six Flags Great America,"Gurnee, Ill.",Rocky Mountain,2014,215,2018,Gurnee,Illinois,United States,60031
20,Jack Rabbit,Kennywood,"West Mifflin, Pa.",Miller,1920,211,2018,West Mifflin,Pennsylvania,United States,15122
21,Giant Dipper,Santa Cruz Beach Boardwalk,"Santa Cruz, Calif.",Prior & Church/Looff,1924,206,2018,Santa Cruz,California,United States,95060
21,Shivering Timbers,Michigan’s Adventure,"Muskegon, Mich.",Custom Coasters,1998,206,2018,Muskegon,Michigan,United States,49445
23,Legend,Holiday World,"Santa Claus, Ind.",Custom Coasters,2000,201,2018,Santa Claus,Indiana,United States,47579
24,White Lightning,Fun Spot America,"Orlando, Fla.",Great Coasters Int.,2013,196,2018,Orlando,Florida,United States,32819
25,Troy,Toverland,"Sevenum, Netherlands",Great Coasters Int.,2007,183,2018,Sevenum,Limburg,Netherlands,5975
26,Renegade,Valleyfair,"Shakopee, Minn.",Great Coasters Int.,2007,182,2018,Shakopee,Minnesota,United States,55379
27,Cú Chulainn,Tayto Park,"Ashbourne, Ireland",Gravity Group,2015,177,2018,Ashbourne,Meath,Ireland,A84 EA02
28,Colossos,Heide Park,"Soltau, Germany",Intamin,2001,171,2018,Soltau,Lower Saxony,Germany,29614
29,Cyclone,Coney Island,"Brooklyn, N.Y.",Keenan/Baker,1927,169,2018,Brooklyn,New York,United States,11224
30,Prowler,Worlds of Fun,"Kansas City, Mo.",Great Coasters Int.,2009,165,2018,Kansas City,Missouri,United States,64161
30,Rampage,Alabama Splash Adventure,"Bessemer, Ala.",Custom Coasters,1998,165,2018,Bessemer,Alabama,United States,35022
32,Comet,The Great Escape,"Lake George, N.Y.",PTC/Schmeck,1994,164,2018,Queensbury,New York,United States,12804
33,Boardwalk Bullet,Kemah Boardwalk,"Kemah, Texas",M&V/Gravity Group,2007,157,2018,Kemah,Texas,United States,77565
34,Flying Turns,Knoebels Amusement Resort,"Elysburg, Pa.",Knoebels,2013,148,2018,Elysburg,Pennsylvania,United States,17824
35,Rutschebanan,Tivoli Gardens,"Copenhagen, Denmark",L.A. Thompson,1914,135,2018,Copenhagen,Region Hovedstaden,Denmark,1630
36,Switchback,ZDT’s,"Seguin, Texas",Gravity Group,2015,130,2018,Seguin,Texas,United States,78155
37,Blue Streak,Conneaut Lake Park,"Conneaut Lake, Pa.",Vettel/NAD,1938,118,2018,Conneaut Lake,Pennsylvania,United States,16316
38,American Thunder,Six Flags St. Louis,"Eureka, Mo.",Great Coasters Int.,2008,117,2018,Eureka,Missouri,United States,63025
38,Screamin’ Eagle,Six Flags St. Louis,"Eureka, Mo.",Allen/PTC,1976,117,2018,Eureka,Missouri,United States,63025
40,Grizzly,Kings Dominion,"Doswell, Va.",Summers-KECO,1982,115,2018,Doswell,Virginia,United States,23047
41,Blue Streak,Cedar Point,"Sandusky, Ohio",PTC/Hoover,1964,109,2018,Sandusky,Ohio,United States,44870
42,Playland Wooden Coaster,PNE Playland,"Vancouver, B.C., Canada",Phare,1959,107,2018,Vancouver,British Columbia,Canada,V5K 5J1
43,Boss,Six Flags St. Louis,"Eureka, Mo.",Custom Coasters,2000,106,2018,Eureka,Missouri,United States,63025
44,Wild One,Six Flags Great America,"Upper Marlboro, Md.",PTC/Miller/Dinn,1986,98,2018,Gurnee,Illinois,United States,60031
45,T Express,Everland,"Yonjin-si, South Korea",Intamin,2008,87,2018,Seoul,Seoul,South Korea,17023
46,Megafobia,Oakwood Leisure Park,"Pembrookshire, Wales",Custom Coasters,1996,84,2018,Pembroke,Wales,United Kingdom,SA67 8DE
47,Hades 360,Mt. Olympus Theme Park,"Wisconsin Dells, Wis.",Gravity Group,2005,80,2018,Wisconsin Dells,Wisconsin,United States,53965
48,Mine Blower,Fun Spot America,"Kissimmee, Fla.",Gravity Group,2017,79,2018,Orlando,Florida,United States,32819
49,Wooden Warrior,Quassy Amusement Park,"Meddlebury, Conn.",Gravity Group,2011,77,2018,Middlebury,Connecticut,United States,06762
50,Twister,Knoebels Amusement Resort,"Elysburg, Pa.",Fetterman/Knoebels,1999,75,2018,Elysburg,Pennsylvania,United States,17824
